{
  "identityProviderSettings": {
    "clients": [
      {
        "clientId": "team-hub.angular.development",
        "clientSecret": "very-strong-client-secret@1234",
        "allowedScopes": [ "read", "write", "openid" ],
        "allowedGrantTypes": [ "password" ],
        "accessTokenLifetime": 3600, //one hour =>  60 x 60
        "refreshTokenLifetime": 86400, //one day => 24 x 60 x 60
        "allowedCorsOrigins": [ "https://localhost:5001" ],
        "requireClientSecret": false
      }
    ],
    "apiResources": [
      {
        "name": "TeamHubApi",
        "displayName": "Team Hub API",
        "apiSecret": "very-strong-api-secret@1234",
        "scopes": [ "IdentityServerApi", "openid", "read", "write" ],
        "claims": [ "name", "email", "sub", "role", "address", "cnf", "email_verified", "id", "profile", "reference_token_id" ]
      }
    ]
  }
}
